name,total_impressions,total_clicks,ctr,total_spending
Advertiser_58,2120,117.0,0.05519,4838.96
Advertiser_10,1673,88.0,0.0526,3899.68
Advertiser_68,1545,79.0,0.05113,3416.91
Advertiser_21,1541,64.0,0.04153,3392.53
Advertiser_66,1418,70.0,0.04937,3227.26
Advertiser_100,1410,66.0,0.04681,3224.0
Advertiser_30,1375,71.0,0.05164,3111.32
Advertiser_32,1364,68.0,0.04985,3044.44
Advertiser_17,1309,49.0,0.03743,3024.77
Advertiser_57,1215,51.0,0.04198,2746.37
